<?xml version="1.0" encoding="UTF-8"?>
<GenRun Id="synth_1" LaunchPart="xc7a35tcpg236-1" LaunchTime="1709254687">
  <File Type="PA-TCL" Name="alu.tcl"/>
  <File Type="RDS-PROPCONSTRS" Name="alu_drc_synth.rpt"/>
  <File Type="REPORTS-TCL" Name="alu_reports.tcl"/>
  <File Type="RDS-RDS" Name="alu.vds"/>
  <File Type="RDS-UTIL" Name="alu_utilization_synth.rpt"/>
  <File Type="RDS-UTIL-PB" Name="alu_utilization_synth.pb"/>
  <File Type="RDS-DCP" Name="alu.dcp"/>
  <File Type="VDS-TIMINGSUMMARY" Name="alu_timing_summary_synth.rpt"/>
  <File Type="VDS-TIMING-PB" Name="alu_timing_summary_synth.pb"/>
  <FileSet Name="sources" Type="DesignSrcs" RelSrcDir="$PSRCDIR/sources_1">
    <Filter Type="Srcs"/>
    <File Path="$PSRCDIR/sources_1/imports/src/components/addersubtractor.vhd">
      <FileInfo>
        <Attr Name="ImportPath" Val="$PPRDIR/ece449-project-main/src/components/addersubtractor.vhd"/>
        <Attr Name="ImportTime" Val="1709249676"/>
        <Attr Name="UsedIn" Val="synthesis"/>
        <Attr Name="UsedIn" Val="simulation"/>
      </FileInfo>
    </File>
    <File Path="$PSRCDIR/sources_1/imports/src/components/barrelshifter.vhd">
      <FileInfo>
        <Attr Name="ImportPath" Val="$PPRDIR/ece449-project-main/src/components/barrelshifter.vhd"/>
        <Attr Name="ImportTime" Val="1709249676"/>
        <Attr Name="UsedIn" Val="synthesis"/>
        <Attr Name="UsedIn" Val="simulation"/>
      </FileInfo>
    </File>
    <File Path="$PSRCDIR/sources_1/imports/src/components/nand.vhd">
      <FileInfo>
        <Attr Name="ImportPath" Val="$PPRDIR/ece449-project-main/src/components/nand.vhd"/>
        <Attr Name="ImportTime" Val="1709249676"/>
        <Attr Name="UsedIn" Val="synthesis"/>
        <Attr Name="UsedIn" Val="simulation"/>
      </FileInfo>
    </File>
    <File Path="$PSRCDIR/sources_1/imports/src/alu.vhd">
      <FileInfo>
        <Attr Name="ImportPath" Val="$PPRDIR/ece449-project-main/src/alu.vhd"/>
        <Attr Name="ImportTime" Val="1709249676"/>
        <Attr Name="UsedIn" Val="synthesis"/>
        <Attr Name="UsedIn" Val="simulation"/>
      </FileInfo>
    </File>
    <File Path="$PSRCDIR/sources_1/imports/src/DECODE.vhd">
      <FileInfo>
        <Attr Name="AutoDisabled" Val="1"/>
        <Attr Name="ImportPath" Val="$PPRDIR/ece449-project-main/src/DECODE.vhd"/>
        <Attr Name="ImportTime" Val="1709249676"/>
        <Attr Name="UsedIn" Val="synthesis"/>
        <Attr Name="UsedIn" Val="simulation"/>
      </FileInfo>
    </File>
    <File Path="$PSRCDIR/sources_1/imports/src/components/baugh_wooley_16bit.vhd">
      <FileInfo>
        <Attr Name="AutoDisabled" Val="1"/>
        <Attr Name="ImportPath" Val="$PPRDIR/ece449-project-main/src/components/baugh_wooley_16bit.vhd"/>
        <Attr Name="ImportTime" Val="1709249676"/>
        <Attr Name="UsedIn" Val="synthesis"/>
        <Attr Name="UsedIn" Val="simulation"/>
      </FileInfo>
    </File>
    <File Path="$PSRCDIR/sources_1/imports/src/regfile.vhd">
      <FileInfo>
        <Attr Name="AutoDisabled" Val="1"/>
        <Attr Name="ImportPath" Val="$PPRDIR/ece449-project-main/src/regfile.vhd"/>
        <Attr Name="ImportTime" Val="1709249676"/>
        <Attr Name="UsedIn" Val="synthesis"/>
        <Attr Name="UsedIn" Val="simulation"/>
      </FileInfo>
    </File>
    <File Path="$PSRCDIR/sources_1/imports/src/PC.vhd">
      <FileInfo>
        <Attr Name="AutoDisabled" Val="1"/>
        <Attr Name="ImportPath" Val="$PPRDIR/ece449-project-main/src/PC.vhd"/>
        <Attr Name="ImportTime" Val="1709249676"/>
        <Attr Name="UsedIn" Val="synthesis"/>
        <Attr Name="UsedIn" Val="simulation"/>
      </FileInfo>
    </File>
    <File Path="$PSRCDIR/sources_1/imports/src/IO.vhd">
      <FileInfo>
        <Attr Name="AutoDisabled" Val="1"/>
        <Attr Name="ImportPath" Val="$PPRDIR/ece449-project-main/src/IO.vhd"/>
        <Attr Name="ImportTime" Val="1709249676"/>
        <Attr Name="UsedIn" Val="synthesis"/>
        <Attr Name="UsedIn" Val="simulation"/>
      </FileInfo>
    </File>
    <File Path="$PSRCDIR/sources_1/imports/src/components/incrementor.vhd">
      <FileInfo>
        <Attr Name="AutoDisabled" Val="1"/>
        <Attr Name="ImportPath" Val="$PPRDIR/ece449-project-main/src/components/incrementor.vhd"/>
        <Attr Name="ImportTime" Val="1709249676"/>
        <Attr Name="UsedIn" Val="synthesis"/>
        <Attr Name="UsedIn" Val="simulation"/>
      </FileInfo>
    </File>
    <File Path="$PSRCDIR/sources_1/imports/src/XPM_MEMORY_DPDISTRAM.vhd">
      <FileInfo>
        <Attr Name="AutoDisabled" Val="1"/>
        <Attr Name="ImportPath" Val="$PPRDIR/ece449-project-main/src/XPM_MEMORY_DPDISTRAM.vhd"/>
        <Attr Name="ImportTime" Val="1709249676"/>
        <Attr Name="UsedIn" Val="synthesis"/>
        <Attr Name="UsedIn" Val="simulation"/>
      </FileInfo>
    </File>
    <File Path="$PSRCDIR/sources_1/imports/src/XPM_MEMORY_SPROM.vhd">
      <FileInfo>
        <Attr Name="AutoDisabled" Val="1"/>
        <Attr Name="ImportPath" Val="$PPRDIR/ece449-project-main/src/XPM_MEMORY_SPROM.vhd"/>
        <Attr Name="ImportTime" Val="1709249676"/>
        <Attr Name="UsedIn" Val="synthesis"/>
        <Attr Name="UsedIn" Val="simulation"/>
      </FileInfo>
    </File>
    <Config>
      <Option Name="DesignMode" Val="RTL"/>
      <Option Name="TopModule" Val="alu"/>
      <Option Name="TopAutoSet" Val="TRUE"/>
    </Config>
  </FileSet>
  <FileSet Name="constrs_in" Type="Constrs" RelSrcDir="$PSRCDIR/constrs_1">
    <Filter Type="Constrs"/>
    <Config>
      <Option Name="ConstrsType" Val="XDC"/>
    </Config>
  </FileSet>
  <Strategy Version="1" Minor="2">
    <StratHandle Name="Vivado Synthesis Defaults" Flow="Vivado Synthesis 2017">
      <Desc>Vivado Synthesis Defaults</Desc>
    </StratHandle>
    <Step Id="synth_design"/>
  </Strategy>
</GenRun>
